{
    "car_position": [
        0.012903225806446983,
        13.769353769353764
    ],
    "car_heading": 136.78094832716283,
    "yellow_cones": [
        [
            -9.125,
            20.625
        ],
        [
            -5.058988531120921,
            19.81622003293242
        ],
        [
            -1.6119904498929332,
            17.513009550107068
        ],
        [
            -1.6119904498929323,
            2.486990449892933
        ],
        [
            -5.05898853112092,
            0.18377996706757926
        ],
        [
            -9.124999999999998,
            -0.625
        ],
        [
            -13.191011468879077,
            0.1837799670675775
        ],
        [
            -16.638009550107068,
            2.4869904498929305
        ],
        [
            -18.94122003293242,
            5.933988531120924
        ],
        [
            -19.75,
            9.999999999999998
        ],
        [
            -18.94122003293242,
            14.066011468879081
        ],
        [
            -16.63800955010707,
            17.513009550107064
        ],
        [
            -13.191011468879076,
            19.81622003293242
        ],
        [
            0.270967741935479,
            2.538561288561283
        ],
        [
            1.3548387096774164,
            3.070546195546193
        ],
        [
            2.748387096774188,
            3.011436761436755
        ]
    ],
    "blue_cones": [
        [
            -7.800932645289656,
            17.509159116718088
        ],
        [
            -5.0280904863554685,
            16.430859774323253
        ],
        [
            -2.878965662296439,
            14.373520327176728
        ],
        [
            -2.6941402256767466,
            5.9030904863554685
        ],
        [
            -4.751479672823273,
            3.753965662296439
        ],
        [
            -7.474647943721965,
            2.5557429457105085
        ],
        [
            -10.449067354710342,
            2.4908408832819138
        ],
        [
            -13.22190951364453,
            3.5691402256767457
        ],
        [
            -15.371034337703563,
            5.626479672823272
        ],
        [
            -16.569257054289494,
            8.349647943721967
        ],
        [
            -16.634159116718088,
            11.324067354710342
        ],
        [
            -15.555859774323253,
            14.096909513644533
        ],
        [
            -13.498520327176728,
            16.246034337703563
        ],
        [
            -10.775352056278033,
            17.444257054289494
        ],
        [
            -0.5548387096774192,
            6.617112242112235
        ],
        [
            0.9419354838709637,
            6.676221676221672
        ],
        [
            2.3870967741935445,
            6.617112242112235
        ]
    ],
    "orange_cones": [],
    "big_cones": [
        [
            4.245161290322578,
            6.73533111033111
        ],
        [
            5.432258064516127,
            6.73533111033111
        ],
        [
            4.090322580645157,
            2.9523273273273247
        ],
        [
            5.225806451612904,
            2.9523273273273247
        ]
    ],
    "start_line": [
        [
            -2.5,
            10.0
        ],
        [
            2.5,
            10.0
        ]
    ],
    "finish_line": [
        [
            -2.5,
            10.0
        ],
        [
            2.5,
            10.0
        ]
    ]
}