{
    "car_position": [
        -0.5878995113732017,
        5.118853757908923
    ],
    "car_heading": 270.0,
    "yellow_cones": [
        [
            19.0065868053517,
            -13.28246232738975
        ],
        [
            21.406901894019803,
            -11.657800323663158
        ],
        [
            23.209229662371037,
            -10.335150250373363
        ],
        [
            -2.477588869191713,
            -4.934495084774426
        ],
        [
            -2.477588869191713,
            -7.634005422161636
        ],
        [
            -2.477588869191713,
            -9.868082942757937
        ],
        [
            -2.477588869191713,
            -17.50118113812863
        ],
        [
            -2.477588869191713,
            -21.317730235813976
        ],
        [
            -2.538546590411663,
            -25.227365896857506
        ],
        [
            -2.4166311479717564,
            -28.857741867826498
        ],
        [
            -2.4166311479717564,
            -31.37107907849734
        ],
        [
            -2.477588869191713,
            -34.44160258629737
        ],
        [
            -1.868011656992195,
            -37.00399349625515
        ],
        [
            -0.6488572325931514,
            -39.474870445143004
        ],
        [
            1.0579589615654967,
            -40.573037977982054
        ],
        [
            17.27271280607271,
            -15.932378266611408
        ],
        [
            15.992600660453718,
            -18.307846382504984
        ],
        [
            15.748769775573912,
            -21.23759039210705
        ],
        [
            15.931642939233768,
            -25.19670391859634
        ],
        [
            15.870685218013818,
            -28.997452904026055
        ],
        [
            15.748769775573912,
            -32.16474372521748
        ],
        [
            15.504938890694106,
            -36.598950874885475
        ],
        [
            13.615249532875595,
            -39.92460623713648
        ],
        [
            10.689278914317903,
            -41.508251647732195
        ],
        [
            7.153731083560693,
            -42.09879621939649
        ],
        [
            3.4962678103635767,
            -41.57298945460968
        ],
        [
            5.142126283302275,
            -42.21834854503193
        ],
        [
            8.921504998939298,
            -42.16205125689423
        ],
        [
            -2.7241892777374375,
            3.052416006690521
        ],
        [
            -2.781073137429331,
            5.697794016504929
        ],
        [
            -2.7241892777374375,
            8.343172026319337
        ],
        [
            -2.837956997121225,
            11.549690826094377
        ],
        [
            -2.0415829614347274,
            14.355394775897551
        ],
        [
            -0.7332541885211938,
            15.798328235796319
        ],
        [
            0.9732616022355884,
            16.35946902575695
        ],
        [
            3.305499849603194,
            16.840446845723207
        ],
        [
            7.230486168343795,
            17.080935755706335
        ],
        [
            5.125783359743764,
            17.16109872570071
        ],
        [
            10.415982311089785,
            17.321424665689463
        ],
        [
            12.691336698765497,
            17.321424665689463
        ],
        [
            15.36487810428445,
            17.00077278571196
        ],
        [
            17.86776793072773,
            16.76028387572883
        ],
        [
            26.741650042662997,
            -4.643229112769589
        ],
        [
            26.464871240394892,
            -1.677199222977677
        ],
        [
            26.177810379996338,
            1.5293195767973629
        ],
        [
            26.177810379996338,
            4.335023526600537
        ],
        [
            25.94816169167749,
            7.541542326375577
        ],
        [
            25.71851300335866,
            10.828224096144993
        ],
        [
            19.747647107068808,
            16.439631995751327
        ],
        [
            22.21637050649634,
            16.35946902575695
        ],
        [
            24.2832087013659,
            15.638002295807567
        ],
        [
            25.14439128256155,
            13.794253985936919
        ],
        [
            26.407459068315184,
            -7.048118212600876
        ],
        [
            24.85733042216301,
            -9.132355432454652
        ],
        [
            -2.585687831938422,
            -13.54131878214534
        ]
    ],