{
    "car_position": [
        -1.1741935483871018,
        5.390025718072849
    ],
    "car_heading": 276.32962313335713,
    "yellow_cones": [
        [
            8.40316764014929,
            -54.833836874495596
        ],
        [
            4.359028512951005,
            -54.02341906127042
        ],
        [
            12.214560305794368,
            -53.22091306356601
        ],
        [
            9.999097050836479,
            -53.46105104470497
        ],
        [
            -1.2218022724941322,
            -9.278948968768763
        ],
        [
            -1.5469002699558707,
            -4.666340784797749
        ],
        [
            -0.7085233472770506,
            -37.33665972240501
        ],
        [
            -2.466740063501625,
            -38.712951668867916
        ],
        [
            -3.7241437869589773,
            -41.07410727609642
        ],
        [
            -3.425886018886528,
            -48.605882081671645
        ],
        [
            -4.610614348544403,
            -46.12806493972309
        ],
        [
            -1.8907155774704227,
            -50.241848015328
        ],
        [
            0.09737198111139397,
            -51.78336249762954
        ],
        [
            2.4808378534364155,
            -53.11143471713254
        ],
        [
            -4.22254721351592,
            -43.19453680676624
        ],
        [
            6.687757327748436,
            -54.067346811665615
        ],
        [
            13.63870967741935,
            -53.13910608407577
        ],
        [
            14.722580645161287,
            -52.86171683382862
        ],
        [
            16.219354838709677,
            -52.029549083087176
        ]
    ],
    "blue_cones": [
        [
            11.944340813314998,
            -49.2594532864583
        ],
        [
            1.807771259354688,
            -4.5996420381280725
        ],
        [
            2.0526949345327767,
            -9.002412248307586
        ],
        [
            1.1332679828226142,
            -2.669980118358572
        ],
        [
            3.0171279357413305,
            -14.702830856731662
        ],
        [
            4.602476363618032,
            -17.903310624876937
        ],
        [
            5.409210908420181,
            -20.45986085980198
        ],
        [
            6.044160592048044,
            -24.964791542693558
        ],
        [
            6.5930306597020865,
            -28.57624678206526
        ],
        [
            6.623058409243919,
            -32.00252544158131
        ],
        [
            5.005130502495355,
            -36.64669748255007
        ],
        [
            3.141406238848757,
            -38.8300575077489
        ],
        [
            2.6139938230376565,
            -11.61987148355108
        ],
        [
            12.70967741935484,
            -48.70087808012137
        ],
        [
            13.896774193548382,
            -48.23856266304279
        ],
        [
            15.651612903225804,
            -47.86871032937992
        ]
    ],
    "orange_cones": [],
    "big_cones": [
        [
            -2.5934445206604795,
            0.8940645843631986
        ],
        [
            -2.2868832328528437,
            -1.759622208391637
        ],
        [
            0.41856875738948046,
            0.46222429629961903
        ],
        [
            0.7,
            -1.7
        ],
        [
            17.199999999999996,
            -47.49885799571706
        ],
        [
            18.283870967741933,
            -47.036542578638475
        ],
        [
            17.354838709677416,
            -52.21447524991861
        ],
        [
            18.696774193548386,
            -51.75215983284002
        ]
    ],
    "start_line": [
        [
            1.0,
            -0.6
        ],
        [
            -3.0,
            -0.6
        ]
    ],
    "finish_line": [
        [
            1.0,
            -0.6
        ],
        [
            -3.0,
            -0.6
        ]
    ]
}