{
    "car_position": [
        0.0,
        0.0
    ],
    "car_heading": 0.0,
    "yellow_cones": [
        [
            25.499998714360164,
            0.0016035205075577337
        ],
        [
            25.449494714806836,
            1.572665673852399
        ],
        [
            25.298390756162448,
            3.1374887841989847
        ],
        [
            25.047292369427176,
            4.689866784472298
        ],
        [
            24.697205340538314,
            6.223645097261382
        ],
        [
            24.249553775544964,
            7.732591773329278
        ],
        [
            23.706103301502914,
            9.21087391803423
        ],
        [
            23.069041353006327,
            10.652494643671606
        ],
        [
            22.34091515089181,
            12.051621572014353
        ],
        [
            21.52462906105256,
            13.402501742863377
        ],
        [
            20.6234275494793,
            14.699432669974515
        ],
        [
            19.640875718635236,
            15.936716207977003
        ],
        [
            18.580839718927376,
            17.108598683303725
        ],
        [
            17.447471568455196,
            18.209208503260115
        ],
        [
            16.245205291008713,
            19.232513217722502
        ],
        [
            14.978772625336216,
            20.172330078206084
        ],
        [
            13.653244801878333,
            21.022433908720686
        ],
        [
            12.274099043234015,
            21.776807817894756
        ],
        [
            10.847291832909228,
            22.43006807509034
        ],
        [
            9.379297225975021,
            22.97805570824145
        ],
        [
            7.87704956992699,
            23.418520398016387
        ],
        [
            6.347738975526865,
            23.75174044758656
        ],
        [
            4.798462114045939,
            23.98086593400359
        ],
        [
            3.235813576750765,
            24.111792088175775
        ],
        [
            1.665558915287342,
            24.1524850161159
        ],
        [
            0.09251195239017297,
            24.11184674249854
        ],
        [
            -1.4793429478947748,
            23.99834236921122
        ],
        [
            -3.0465302075449188,
            23.818669143231162
        ],
        [
            -4.605656975120102,
            23.57672772988207
        ],
        [
            -6.152977386528767,
            23.2730874252744
        ],
        [
            -7.68402396051672,
            22.90504294253898
        ],
        [
            -9.193362343399585,
            22.467254699769736
        ],
        [
            -10.674511315301,
            21.95285750080359
        ],
        [
            -12.120058321161837,
            21.354826357995666
        ],
        [
            -13.521977209073183,
            20.6673226224848
        ],
        [
            -14.872104834823988,
            19.88673837565514
        ],
        [
            -16.162667609181177,
            19.012238087996465
        ],
        [
            -17.386713012518648,
            18.045752057833425
        ],
        [
            -18.538335166367244,
            16.991540107048586
        ],
        [
            -19.612673723938876,
            15.855536853317124
        ],
        [
            -20.605630089383364,
            14.644718237332693
        ],
        [
            -21.51392853161143,
            13.366454208935428
        ],
        [
            -22.334494516483744,
            12.028255066900451
        ],
        [
            -23.064423506185015,
            10.63749706937987
        ],
        [
            -23.700708792082256,
            9.201370163601002
        ],
        [
            -24.239995892005485,
            7.726916882017944
        ],
        [
            -24.678320183897554,
            6.221153403258662
        ],
        [
            -25.010891185532746,
            4.691258836180336
        ],
        [
            -25.23207828035181,
            3.144816244789104
        ],
        [
            -25.335837503109076,
            1.5900580015426662
        ],
        [
            -25.316851132898325,
            0.036150328872764856
        ],
        [
            -25.172267991920712,
            -1.507752267468676
        ],
        [
            -24.904138378243648,
            -3.032119827601425
        ],
        [
            -24.520890805113865,
            -4.529539602122653
        ],
        [
            -24.037350061677998,
            -5.995994629661011
        ],
        [
            -23.472527295396105,
            -7.431597454803529
        ],
        [
            -22.845800004465186,
            -8.839838224005833
        ],
        [
            -22.1727255301986,
            -10.225553978137434
        ],
        [
            -21.461764708830206,
            -11.592378411438732
        ],
        [
            -20.712818961043265,
            -12.940469164082206
        ],
        [
            -19.917959018512033,
            -14.265115097433743
        ],
        [
            -19.06416818055171,
            -15.556588271465273
        ],
        [
            -18.137372555097304,
            -16.801319505637576
        ],
        [
            -17.1265366328976,
            -17.984142480969037
        ],
        [
            -16.02643813799619,
            -19.0909713078323
        ],
        [
            -14.838313504197085,
            -20.110848441357028
        ],
        [
            -13.568451671560737,
            -21.037090508479743
        ],
        [
            -12.2261828442869,
            -21.86634889825227
        ],
        [
            -10.821876409955042,
            -22.597424477346546
        ],
        [
            -9.365723654257048,
            -23.229759339569284
        ],
        [
            -7.86721221216063,
            -23.762313239744152
        ],
        [
            -6.335115055137919,
            -24.19286957401068
        ],
        [
            -4.777781639774972,
            -24.517732770155778
        ],
        [
            -3.203558652875716,
            -24.731835821587936
        ],
        [
            -1.6211936872780177,
            -24.829398339801482
        ],
        [
            -0.04015463818002905,
            -24.805392649516005
        ],
        [
            1.530108023604011,
            -24.657331553181905
        ],
        [
            3.0802031029941404,
            -24.388270027401724
        ],
        [
            4.603123069442237,
            -24.00788087211933
        ],
        [
            6.09555373170468,
            -23.532297100868593
        ],
        [
            7.558421597199892,
            -22.98144055185696
        ],
        [
            8.995856337857948,
            -22.374785347195875
        ],
        [
            10.412893461379422,
            -21.726974149166146
        ],
        [
            11.812764797993252,
            -21.044652256586435
        ],
        [
            13.194629203359877,
            -20.325401111440737
        ],
        [
            14.552374346589252,
            -19.559038110137067
        ],
        [
            15.874816722715304,
            -18.730943832514498
        ],
        [
            17.147265989140177,
            -17.82649698395821
        ],
        [
            18.3540593290679,
            -16.835217376920255
        ],
        [
            19.48130870445176,
            -15.753187169138016
        ],
        [
            20.51887181828067,
            -14.583088398665874
        ],
        [
            21.460854634432266,
            -13.332411951236523
        ],
        [
            22.304768307724657,
            -12.011095354845612
        ],
        [
            23.050098581864148,
