{
    "car_position": [
        0.0,
        -1.25
    ],
    "car_heading": 0.0,
    "yellow_cones": [
        [
            10.449067354710344,
            17.509159116718088
        ],
        [
            -9.125,
            20.625
        ],
        [
            13.221909513644531,
            16.430859774323253
        ],
        [
            -5.058988531120921,
            19.81622003293242
        ],
        [
            15.371034337703561,
            14.373520327176728
        ],
        [
            -1.6119904498929332,
            17.513009550107068
        ],
        [
            16.56925705428949,
            11.650352056278034
        ],
        [
            16.634159116718088,
            8.675932645289656
        ],
        [
            15.555859774323253,
            5.9030904863554685
        ],
        [
            13.498520327176728,
            3.753965662296439
        ],
        [
            -1.6119904498929323,
            2.486990449892933
        ],
        [
            10.775352056278034,
            2.5557429457105085
        ],
        [
            -5.05898853112092,
            0.18377996706757926
        ],
        [
            7.800932645289657,
            2.4908408832819138
        ],
        [
            -9.124999999999998,
            -0.625
        ],
        [
            5.028090486355469,
            3.5691402256767457
        ],
        [
            -13.191011468879077,
            0.1837799670675775
        ],
        [
            2.878965662296438,
            5.626479672823272
        ],
        [
            -16.638009550107068,
            2.4869904498929305
        ],
        [
            1.6807429457105076,
            8.349647943721967
        ],
        [
            -18.94122003293242,
            5.933988531120924
        ],
        [
            1.6158408832819138,
            11.324067354710342
        ],
        [
            -19.75,
            9.999999999999998
        ],
        [
            2.6941402256767484,
            14.096909513644533
        ],
        [
            -18.94122003293242,
            14.066011468879081
        ],
        [
            4.751479672823272,
            16.246034337703563
        ],
        [
            -16.63800955010707,
            17.513009550107064
        ],
        [
            7.474647943721967,
            17.444257054289494
        ],
        [
            -13.191011468879076,
            19.81622003293242
        ]
    ],
    "blue_cones": [
        [
            -9.125,
            10.0
        ],
        [
            9.125,
            10.0
        ],
        [
            -7.800932645289656,
            17.509159116718088
        ],
        [
            9.125,
            20.625
        ],
        [
            -5.0280904863554685,
            16.430859774323253
        ],
        [
            13.19101146887908,
            19.81622003293242
        ],
        [
            -2.878965662296439,
            14.373520327176728
        ],
        [
            16.638009550107068,
            17.513009550107068
        ],
        [
            -1.6807429457105085,
            11.650352056278034
        ],
        [
            18.94122003293242,
            14.06601146887908
        ],
        [
            -1.6158408832819138,
            8.675932645289656
        ],
        [
            19.75,
            10.0
        ],
        [
            -2.6941402256767466,
            5.9030904863554685
        ],
        [
            18.94122003293242,
            5.933988531120922
        ],
        [
            -4.751479672823273,
            3.753965662296439
        ],
        [
            16.638009550107068,
            2.486990449892933
        ],
        [
            -7.474647943721965,
            2.5557429457105085
        ],
        [
            13.19101146887908,
            0.18377996706757926
        ],
        [
            -10.449067354710342,
            2.4908408832819138
        ],
        [
            9.125000000000002,
            -0.625
        ],
        [
            -13.22190951364453,
            3.5691402256767457
        ],
        [
            5.058988531120923,
            0.1837799670675775
        ],
        [
            -15.371034337703563,
            5.626479672823272
        ],
        [
            1.6119904498929332,
            2.4869904498929305
        ],
        [
            -16.569257054289494,
            8.349647943721967
        ],
        [
            -16.634159116718088,
            11.324067354710342
        ],
        [
            -15.555859774323253,
            14.096909513644533
        ],
        [
            -13.498520327176728,
            16.246034337703563
        ],
        [
            1.6119904498929305,
            17.513009550107064
        ],
        [
            -10.775352056278033,
            17.444257054289494
        ],
        [
            5.0589885311209235,
            19.81622003293242
        ]
    ],
    "orange_cones": [
        [
            -1.5,
            1.0
        ],
        [
            1.5,
            1.0
        ],
        [
            -1.5,
            20.25
        ],
        [
            1.5,
            20.25
        ],
        [
            -1.5,
            23.25
        ],
        [
            1.5,
            23.25
        ],
        [
            -1.5,
            26.25
        ],
        [
            1.5,
            26.25
        ],
        [
            -1.5,
            29.25
        ],
        [
            -0.5,
            29.25
        ],
        [
            0.5,
            29.25
        ],
        [
            1.5,
            29.25
        ]
    ],
    "big_cones": [
        [
            -1.5,
            9.5
        ],
        [
            1.5,
            9.5
        ],
        [
            -1.5,
            10.5
        ],
        [
            1.5,
            10.5
        ]
    ],
    "start_line": [
        [
            -2.5,
            10.0
        ],
        [
            2.5,
            10.0
        ]
    ],
    "finish_line": [
        [
            -2.5,
            10.0
        ],
        [
            2.5,
            10.0
        ]
    ]
}