{
    "car_position": [
        0.0,
        0.0
    ],
    "car_heading": 0.0,
    "yellow_cones": [
        [
            15.764531981634603,
            -50.758953540733835
        ],
        [
            8.40316764014929,
            -54.833836874495596
        ],
        [
            16.88897254146293,
            -48.18886723765997
        ],
        [
            17.200450901042743,
            -44.71756439673629
        ],
        [
            18.273577338751654,
            -42.26641586666772
        ],
        [
            17.9442549725104,
            -39.87733815782866
        ],
        [
            16.977669627312032,
            -37.47938289331439
        ],
        [
            16.81886596719578,
            -34.71670279251135
        ],
        [
            17.820586512404255,
            -32.15383644631205
        ],
        [
            19.563329077652142,
            -29.64641027195642
        ],
        [
            20.875086773204767,
            -26.90170817729131
        ],
        [
            19.851993820902013,
            -22.163466515184567
        ],
        [
            20.745322810002698,
            -24.229069619888413
        ],
        [
            18.90301457294696,
            -19.514997316018093
        ],
        [
            18.612653503214684,
            -16.60528882158808
        ],
        [
            19.0065868053517,
            -13.28246232738975
        ],
        [
            21.406901894019803,
            -11.657800323663158
        ],
        [
            23.209229662371037,
            -10.335150250373363
        ],
        [
            28.471459695529166,
            -7.427187210014026
        ],
        [
            29.55860546380812,
            -4.369336020890038
        ],
        [
            30.43235029982968,
            0.5220518471715017
        ],
        [
            30.863350918194108,
            -1.7125380843012423
        ],
        [
            29.33567092652906,
            3.705397837319325
        ],
        [
            28.007281823025387,
            7.201638916851303
        ],
        [
            26.658436495437243,
            9.84296165170027
        ],
        [
            25.15931617424665,
            12.524873021798452
        ],
        [
            23.536676975378484,
            14.771788077715346
        ],
        [
            21.626342843004707,
            17.20707106998523
        ],
        [
            19.22566911106427,
            19.072436636764145
        ],
        [
            16.44101759400705,
            20.63946596818736
        ],
        [
            13.314537978356014,
            20.376230293440447
        ],
        [
            10.87185560741795,
            18.91020745572131
        ],
        [
            8.892715778256257,
            17.096581094669506
        ],
        [
            4.359028512951005,
            -54.02341906127042
        ],
        [
            7.153097285944618,
            15.46223112009301
        ],
        [
            12.214560305794368,
            -53.22091306356601
        ],
        [
            5.054054256340236,
            14.134014897685024
        ],
        [
            3.0338562092030767,
            12.820595736919463
        ],
        [
            1.5693084071043664,
            10.557180889609038
        ],
        [
            -0.2283788615642463,
            8.125005642208182
        ],
        [
            -2.7744419914469565,
            2.7080565982403875
        ],
        [
            -2.0407585474970777,
            4.735036946879097
        ],
        [
            9.999097050836479,
            -53.46105104470497
        ],
        [
            -2.5934445206604795,
            0.8940645843631986
        ],
        [
            -2.2868832328528437,
            -1.759622208391637
        ],
        [
            14.352344247949,
            -52.23169956593038
        ],
        [
            -1.2218022724941322,
            -9.278948968768763
        ],
        [
            -1.5469002699558707,
            -4.666340784797749
        ],
        [
            -0.7832893630204673,
            -14.065256446702382
        ],
        [
            0.2554609544938116,
            -16.367208179468445
        ],
        [
            1.1002252397161367,
            -18.39589611224236
        ],
        [
            2.2103655101833324,
            -20.93668168938105
        ],
        [
            2.963767935009889,
            -24.874834882528194
        ],
        [
            3.43899678442165,
            -28.38324812396852
        ],
        [
            3.373970350427232,
            -31.478827196483884
        ],
        [
            1.929053360188647,
            -34.46628992744869
        ],
        [
            -0.7085233472770506,
            -37.33665972240501
        ],
        [
            -2.466740063501625,
            -38.712951668867916
        ],
        [
            -3.7241437869589773,
            -41.07410727609642
        ],
        [
            -3.425886018886528,
            -48.605882081671645
        ],
        [
            -4.610614348544403,
            -46.12806493972309
        ],
        [
            -1.8907155774704227,
            -50.241848015328
        ],
        [
            0.09737198111139397,
            -51.78336249762954
        ],
        [
            2.4808378534364155,
            -53.11143471713254
        ],
        [
            -4.22254721351592,
            -43.19453680676624
        ],
        [
            6.687757327748436,
            -54.067346811665615
        ],
        [
            26.127486891825306,
            -8.586328127969521
        ],
        [
            29.561560321319803,
            5.586180481327639
        ]
    ],